,Banglore locations
0,"  Bangalore City Junction Railway, Sevashrama, Bengaluru, Karnataka 560023, India"
1,"  Hunasamaranahalli, Bengaluru, Karnataka 562157, India"
2,"  Laljinagar, Wilson Garden, Bengaluru, Karnataka, India"
3,"  Avenue Rd, Bengaluru, Karnataka, India"
4,"  Inner Square, BBMP, Bangalore, Bengaluru, Karnataka 560002, India"
5,"  Agrahara Dasarahalli, Rajaji Nagar, Bengaluru, Karnataka, India"
6,"  Marenahalli, Jayanagar, Bengaluru, Karnataka, India"
7,"  Church St Rd, Lingarajapuram, Bengaluru, Karnataka 560084, India"
8,"  40/1, His Grace, Opp. Cash Pharmacy,, Bhadrappa Layout,, Residency Road, Shanthala Nagar, Ashok Nagar, Bengaluru, Karnataka 560025, India"
9,"  Infantry Road, Bengaluru, Karnataka, India"
10,"  Krishnarajapura, Bengaluru, Karnataka, India"
11,"  Arkavathi River, Karnataka"
12,"  New B E L Road, M S Ramaiah Nagar, MSRIT Post, Bengaluru, Karnataka 560054, India"
13,"  MG Road, Shivaji Nagar, Bengaluru, Karnataka 560001, India"
14,"  Banashankari, Bengaluru, Karnataka, India"
15,"  No. 18, Banaswadi Main Road, Marutiseva Nagar, Bengaluru, Karnataka 560005, India"
16,"  Near Corporation Circle, Kasturba Rd, Sampangi Rama Nagar, Bengaluru, Karnataka 560001, India"
17,"  Hosur Road, Lakkasandra, Wilson Garden, Bengaluru, Karnataka 560029, India"
18,"  BTM 2nd Stage, Bengaluru, Karnataka, India"
19,"  H A L Old Airport Rd, Bengaluru, Karnataka, India"
20,"  Kodihalli, Bengaluru, Karnataka, India"
21,"  Kudlu Gate, Bengaluru, Karnataka 560068, India"
22,"  9th Main, 4th Cross, HAL II Stage, Indira Nagar, Bengaluru, Karnataka 560008, India"
23,"  Kumara Krupa Rd, Jayamahal, Bengaluru, Karnataka 560006, India"
24,"  BEML Layout, Brookefield, Bengaluru, Karnataka, India"
25,"  Kumbalgodu, Karnataka, India"
26,"  Hennur Main Rd, Bengaluru, Karnataka, India"
27,"  350, 1st Stage, 12th A Cross, Off Double Road, Opp Value Mart, Indiranagar, Bengaluru, Karnataka 560038, India"
28,"  Kothnur Village Main Rd, Bengaluru, Karnataka, India"
29,"  Makali, Karnataka 562162, India"
30,"  Nagawara, Bengaluru, Karnataka, India"
31,"  Kasturba Rd, Bengaluru, Karnataka 560001, India"
32,"  Boyalahalli, Karnataka 562149, India"
33,"  Koramangala Industrial Layout, Koramangala, Bengaluru, Karnataka 560034, India"
34,"  Krishnappa Garden, C V Raman Nagar, Bengaluru, Karnataka, India"
35,"  Cubbonpete, Nagarathpete, Bengaluru, Karnataka, India"
36,"  104, A-1 NGV, Sharavathi Block, National Games Village Complex, KHB Games Village, Koramangala, Bengaluru, Karnataka 560047, India"
37,"  58, Palace Road, Fatima Block, Vasanth Nagar, Bengaluru, Karnataka 560052, India"
38,"  Survey no. 39/3, Bandapura Village, Bidahalli Hobli, Bangalore East Taluk, 200 mts from Brigade Exotica,, Budigere Cross., Bengaluru, Karnataka 560049, India"
39,"  CV Raman Rd, Bengaluru, Karnataka, India"
40,"  Challaghatta, Bengaluru, Karnataka, India"
41,"  Jayanagara 9th Block, Jayanagar, Bengaluru, Karnataka, India"
42,"  47/1, Dickenson Road, Manipal Centre,, Bengaluru, Karnataka 560042, India"
43,"  Kaggalipura, Karnataka 560082, India"
44,"  166, Housuja's Mall, 5th Cross, Coconut Avenue Road, Malleshwaram, Bengaluru, Karnataka 560003, India"
45,"  Vasanth Nagar, Kolar Gold Fields, Karnataka 560051, India"
46,"  Appareddy Palya Rd, Stage 3, Indiranagar, Bengaluru, Karnataka 560038, India"
47,"  80 Feet Main Rd, Koramangala, Bengaluru, Karnataka 560047, India"
48,"  New Tippasandra, Bengaluru, Karnataka, India"
49,"  Hosur Rd, Bengaluru, Karnataka, India"
50,"  Bhagatram Retail, 56-59, Commercial Street, Bengaluru, Karnataka 560001, India"
51,"  Kensington Rd, Bengaluru, Karnataka, India"
52,"  Pulikeshi Nagar, Bengaluru, Karnataka, India"
53,"  A.C.M.Complex, 15th A Cross Road, 15th A Cross Rd, Yelahanka Satellite Town, Yelahanka, Bengaluru, Karnataka 560064, India"
54,"  No.614/615, 12th Main Road, Hal 2nd Stage, Indiranagar, Bengaluru, Karnataka 560008, India"
55,"  Chickpet Square, Arcot Srinivasachar St, Santhusapet, Chickpet, Bengaluru, Karnataka 560053, India"
56,"  135, Marathahalli - Sarjapur Outer Ring Rd, Marathahalli Village, Marathahalli, Bengaluru, Karnataka 560037, India"
57,"  BSF Campus, Yelahanka Airforce Base, Bengaluru, Karnataka, India"
58,"  Arekere MICO Layout 2nd stage, Lakshmi Layout, Arekere, Bengaluru, Karnataka 560076, India"
59,"  Dasarahalli, Karnataka 562114, India"
60,"  37-39, MG Road, Yellappa Garden, Yellappa Chetty Layout, Sivanchetti Gardens, Bengaluru, Karnataka 560001, India"
61,"  Doddanekkundi, Bengaluru, Karnataka, India"
62,"  Bowring Hospital Rd, Shivaji Nagar, Bengaluru, Karnataka 560001, India"
63,"  Langford Rd, Bengaluru, Karnataka, India"
64,"  198, Chinmaya Mission Hospital Rd, Stage 2, Hoysala Nagar, Indira Nagar, 2nd Stage, Bengaluru, Karnataka 560038, India"
65,"  # Bangalore, 382, 7th Cross Rd, Mico Layout, Stage 2, BTM 2nd Stage, Bengaluru, Karnataka 560076, India"
66,"  Berlie St, Bengaluru, Karnataka, India"
67,"  Chickpet, Bengaluru, Karnataka, India"
68,"  Balepete Main Rd, Chickpet, Bengaluru, Karnataka, India"
69,"  Jayachamaraja Wodeyar Rd, Sampangi Rama Nagar, Bengaluru, Karnataka 560002, India"
70,"  Maruthi Nagar Main Rd, Jay Bheema Nagar, 1st Stage, BTM Layout 1, Bengaluru, Karnataka 560068, India"
71,"  Phoenix Marketcity, ITPL Main Rd, Devasandra Industrial Estate, Krishnarajapura, Bengaluru, Karnataka 560048, India"
72,"  Hermit Colony, Sivanchetti Gardens, Bengaluru, Karnataka 560042, India"
73,"  1, Jayamahal Road, Near Cantonment Railway Station, Bengaluru, Karnataka 560046, India"
74,"  HMT Layout, Yeshwanthpur, Bengaluru, Karnataka 560054, India"
75,"  Hewlett Packard Avenue, Konappana Agrahara, Electronic City, Doddathoguru, Karnataka 560100, India"
76,"  Kalyani Magnum, 165/2, DS Palya, JP Nagar 7th Phase, Bannerghatta Road, Bengaluru, Karnataka 560076, India"
77,"  Doopanahalli, Indiranagar, Bengaluru, Karnataka 560008, India"
78,"  Hosur Main Road, Bengaluru, Karnataka, India"
79,"  Hosur Road, Lakkasandra, Behind Bus Stop, Bengaluru, Karnataka 560029, India"
80,"  Green Glen Layout, Bellandur, Bengaluru, Karnataka 560103, India"
81,"  Survey No. 3, 2nd and 3rd Floor, Corporation Complex, SC Road, Yeshwanthpur, Bengaluru, Karnataka 560022, India"
82,"  Chikkabanavara, Bengaluru, Karnataka 560090, India"
83,"  Austin Town, Neelasandra, Bengaluru, Karnataka 560047, India"
84,"  Mathikere Main Rd, Bengaluru, Karnataka, India"
85,"  Koramangala, Bengaluru, Karnataka, India"
86,"  KG Road, Bengaluru, Karnataka 560009, India"
87,"  Cantonment Railway Station Rd, Cantonment Railway Quarters, Vasanth Nagar, Bengaluru, Karnataka 560046, India"
88,"  Jayanagar 1st Block, Mavalli, Bengaluru, Karnataka, India"
89,"  Horamavu, Bengaluru, Karnataka, India"
90,"  Plot No. 1&2, KIADB Industrial Area, Attibele, Bengaluru, Karnataka 562107, India"
91,"  Jawaharlal Nehru Park, North Avenue, Duravani Nagar, Dooravani Nagar, ???????, Karnataka 560016, India"
92,"  AH47, HMR Layout, Gokula Extension, Jalahalli, Bengaluru, Karnataka 560013, India"
93,"  Lakkasandra Extension, Wilson Garden, Bengaluru, Karnataka, India"
94,"  East Street, Jayaraj Nagar, Ulsoor, Bengaluru, Karnataka 560008, India"
95,"  Langford Town, Shanti Nagar, Bengaluru, Karnataka, India"
96,"  Bilekahalli, Bengaluru, Karnataka, India"
97,"  Rd Number 2, Phase 2, Brookefield, Bengaluru, Karnataka 560066, India"
98,"  Hoskote, Karnataka, India"
99,"  ITPL Rd, Bengaluru, Karnataka, India"
100,"  Doddanallurahalli, Karnataka 562114, India"
101,"  Hayes Rd, Shanthala Nagar, Ashok Nagar, Bengaluru, Karnataka 560025, India"
102,"  Dollars Colony, R.M.V. 2nd Stage, Bengaluru, Karnataka 560094, India"
103,"  14th Main Rd, Near Agara Lake, HSR Layout, Bengaluru, Karnataka 560102, India"
104,"  Bommasandra Industrial Area, Bommasandra, Karnataka, India"
105,"  Lumbini Gardens, Nagawara Lake, Ring Road, Hebbal, Bengaluru, Karnataka 560045, India"
106,"  Dr.Ambedkar Nagar, Yeshwanthpur, Bengaluru, Karnataka, India"
107,"  10th Mile, Tumkur Road, Madavara Post, Dasanapura Hobli, NH48, Bengaluru, Karnataka 562123, India"
108,"  Mesthri Palya, Karnataka 560064, India"
109,"  Crescent Rd, Bengaluru, Karnataka 560001, India"
110,"  Kempegowda circle, Muddayanapalya, Sir M Visvesvaraya nagara 8th block, Bengaluru, Karnataka 560091, Sir M Visvesvaraya nagara 8th block, Annapurneshwari Nagar, Bengaluru, Karnataka 560091, India"
111,"  Mysore Rd, Bengaluru, Karnataka, India"
112,"  Agara Village, 1st Sector, HSR Layout, Bengaluru, Karnataka, India"
113,"  13, H A L Old Airport Rd, ISRO Colony, Domlur, Bengaluru, Karnataka 560071, India"
114,"  100 Feet Rd, Indiranagar, Bengaluru, Karnataka, India"
115,"  Corporation Cir, Bengaluru, Karnataka, India"
116,"  Amarjyothi Layout, Raj Mahal Vilas 2nd Stage, Sanjaynagar, Bengaluru, Karnataka 560094, India"
117,"  Mylasandra, Bengaluru, Karnataka, India"
118,"  Doddaballapura, Karnataka 561203, India"
119,"  M S Ramaiah Nagar, Mathikere, Bengaluru, Karnataka 560054, India"
120,"  Kalasipalyam Main Rd, Bengaluru, Karnataka, India"
121,"  Bhuvanagiri, Lakshmamma Layout, Banswadi, Bengaluru, Karnataka 560043, India"
122,"  KIADB Export Promotion Industrial Area, Whitefield, Bengaluru, Karnataka, India"
123,"  Plot No.14, St Johns Road, Near Rukmini Colony, Sivanchetti Gardens, Bengaluru, Karnataka 560042, India"
124,"  Subhash Nagar, Sevashrama, Bengaluru, Karnataka 560053, India"
125,"  KGE Layout, Sanjaynagar, Bengaluru, Karnataka, India"
126,"  Maruthi Nagar, Yelahanka, Bengaluru, Karnataka 560064, India"
127,"  Jayanagar 3rd Block East, Jayanagar, Bengaluru, Karnataka, India"
128,"  Konappana Agrahara, Electronic City, Bengaluru, Karnataka 560100, India"
129,"  Cottonpete, Bengaluru, Karnataka, India"
130,"  Hebbagodi, Bommasandra, Karnataka 560099, India"
131,"  98, H A L Old Airport Road, Bengaluru, Karnataka 560017, India"
132,"  #136/137, EPIP Industrial Area, Opposite SAP Labs, Whitefield, Bengaluru, Karnataka 560066, India"
133,"  Banswadi, Bengaluru, Karnataka, India"
134,"  HRBR Layout 1st Block, Bapunagar, HRBR Layout, Kalyan Nagar, Bengaluru, Karnataka 560043, India"
135,"  Neotown Rd, Electronic City, Bengaluru, Karnataka, India"
136,"  Malleshwaram West, Bengaluru, Karnataka, India"
137,"  Swamy Vivekananda Rd, Bengaluru, Karnataka, India"
138,"  Cottonpet Main Rd, Bengaluru, Karnataka 560053, India"
139,"  Hosur Main Road, Lakkasandra, Laljinagar, Wilson Garden, Bengaluru, Karnataka 560029, India"
140,"  Nandi Durga Rd, Bengaluru, Karnataka, India"
141,"  Nawab Hyder Ali Khan Rd, Bengaluru, Karnataka, India"
142,"  Varthur Main Rd, HAL Airport Area, HAL, Bengaluru, Karnataka 560017, India"
143,"  18th B Main Rd, Marenahalli, 2nd Phase, JP Nagar, Bengaluru, Karnataka 560078, India"
144,"  Laxminarayana Layout, Thubarahalli, Munnekollal, Bengaluru, Karnataka 560066, India"
145,"  Nagappa St, Bengaluru, Karnataka, India"
146,"  Doddajala, Bengaluru, Karnataka 562157, India"
147,"  Hesaraghatta Lake, Hesaraghatta Grass Farm, Karnataka 560089"
148,"  HRBR Layout 1st Block, Kalyan Nagar, Bengaluru, Karnataka 560043, India"
149,"  Domlur, Bengaluru, Karnataka, India"
150,"  Plot No 30 Rajaram Mohan Roy Road, Bengaluru, Karnataka 560027, India"
151,"  Marathahalli Village, Marathahalli, Bengaluru, Karnataka 560037, India"
152,"  Markham Rd, Ashok Nagar, Bengaluru, Karnataka 560025, India"
153,"  45/6, Nandi Durg Road,, Jayamahal, 45/6, Nandi Durga Rd, Jayamahal Extension, Jayamahal, Bengaluru, Karnataka 560046, India"
154,"  Basavanapura, Krishnarajapura, Bengaluru, Karnataka 560049, India"
155,"  4th Block, Jayanagar, Bengaluru, Karnataka 560041, India"
156,"  Near McDonalds, ITC Factory, Toll Plaza, Sadahalli Gate, Bangalore International Airport Road, Bengaluru, Karnataka 562157, India"
157,"  Fort, K.R. Road, Bengaluru, Karnataka 560002, India"
158,"  Dickenson Road, Sivanchetti Gardens, Bengaluru, Karnataka 560001, India"
159,"  Bellary Rd, Bengaluru, Karnataka, India"
160,"  Lavelle Road, Shanthala Nagar, Ashok Nagar, Bengaluru, Karnataka 560001, India"
161,"  Hosur Road, Bengaluru, Karnataka 560095, India"
162,"  21, Hosur Rd, Chikku Lakshmaiah Layout, Koramangala, Bengaluru, Karnataka 560095, India"
163,"  Dispensary Rd, Tasker Town, Bengaluru, Karnataka 560001, India"
164,"  30/1, 2nd Cross, Ulsoor Road, Ulsoor, Bengaluru, Karnataka 560042, India"
165,"  JP Nagar, Bengaluru, Karnataka, India"
166,"  Hennur Bande, Hennur Gardens, Bengaluru, Karnataka 560043, India"
167,"  Ejipura, Bengaluru, Karnataka, India"
168,"  7th Block, Koramangala, Bengaluru, Karnataka 560030, India"
169,"  LakshmanPuri, Gandhi Nagar, Bengaluru, Karnataka, India"
170,"  Begur, Bengaluru, Karnataka, India"
171,"  Jayanagar East, Jaya Nagar 1st Block, Jaya Nagar East, Jayanagar, Bengaluru, Karnataka, India"
172,"  Mavalli, Bengaluru, Karnataka, India"
173,"  Amarjyoti Layout, Domlur, Bengaluru, Karnataka, India"
174,"  Hesaraghatta Rd, Vidyaranyapura, Bengaluru, Karnataka 560097, India"
175,"  Murgesh Pallya, Bengaluru, Karnataka 560017, India"
176,"  Kalasipalya, Bengaluru, Karnataka 560002, India"
177,"  Inner Valley, Whitefield, Bengaluru, Karnataka 560066, India"
178,"  Nandi Hills, Karnataka, India"
179,"  Langford Gardens, Bengaluru, Karnataka, India"
180,"  Jawaharlal Nehru Rd, RR Nagar, Bengaluru, Karnataka 560098, India"
181,"  3rd Phase, JP Nagar, Bengaluru, Karnataka 560078, India"
182,"  Jalahalli West, Bengaluru, Karnataka, India"
183,"  1522, 17th Cross Road, A Block, Milk Colony, Subramanyanagar,2 State, Malleshwaram West, Bengaluru, Karnataka 56003, India"
184,"  BSF Campus, Yelahanka Airforce Base, Bengaluru, Karnataka 560063, India"
185,"  T Mariappa Rd, Jaya Nagar 1st Block, Jayanagar, Bengaluru, Karnataka 560011, India"
186,"  6th Block, ITI Employees Layout, Mallathahalli, Bengaluru, Karnataka 560056, India"
187,"  Jayamahal Main Rd, Bengaluru, Karnataka, India"
188,"  Attibele Industrial Area, Krishnasagara, Karnataka 562107, India"
189,"  Mathikere, Bengaluru, Karnataka, India"
190,"  Hosur Rd, Rajiv Gandhi Nagar, Bommanahalli, Bengaluru, Karnataka 560068, India"
191,"  Kadubeesanahalli, Bengaluru, Karnataka, India"
192,"  Off Hennur Main Road, Doddagubbi, Bengaluru, Karnataka 560077, India"
193,"  Kadugodi, Bengaluru, Karnataka, India"
194,"  S No B1 To B3 And G1 To G5,# 77/78/B,Janapriya Commercial Complex, Magadi Main Rd, Sunkadakatte, Bengaluru, Karnataka 560091, India"
195,"  Nelaguli, K. Chudahalli, Karnataka 560082, India"
196,"  Graphite India Main Rd, Bengaluru, Karnataka, India"
197,"  Manayata Tech Park, Nagavara, Bengaluru, Karnataka 560045, India"
198,"  Lal Bagh Main Rd, Bengaluru, Karnataka, India"
199,"  Hosur Rd, 7th Block, Koramangala, Bengaluru, Karnataka 560030, India"
200,"  ITPL Main Rd, Bengaluru, Karnataka, India"
201,"  Central Telecom Society, Bengaluru, Karnataka 562157, India"
202,"  Maruthi Nagar Main Rd, Bengaluru, Karnataka, India"
203,"  Kanakapura Rd, Bengaluru, Karnataka, India"
204,"  Unit- 936-937, Tower B-2,, Spaze iTech Park, Sohna Road, Sector 49, Gurugram, Haryana 122001, India"
205,"  Indiranagar, Bengaluru, Karnataka, India"
206,"  Nayanda Halli, Bengaluru, Karnataka, India"
207,"  Kammanahalli, Bengaluru, Karnataka, India"
208,"  15, Magrath Rd, Craig Park Layout, Ashok Nagar, Bengaluru, Karnataka 560025, India"
209,"  Whitefield Road, Bengaluru, Karnataka 560066, India"
210,"  Gandhi Nagar, Bengaluru, Karnataka, India"
211,"  Electronics City Phase 1, Electronic City, Bengaluru, Karnataka 560100, India"
212,"  Magadi Main Rd, Bengaluru, Karnataka, India"
213,"  Mariyappa Layout, Kadubeesanahalli, Panathur, Bengaluru, Karnataka 560103, India"
214,"  Attibele, Karnataka 562107, India"
215,"  Hoodi Main Rd, Bengaluru, Karnataka, India"
216,"  J.C.Nagar, Bengaluru, Karnataka, India"
217,"  Hosur Road, Department of Neurology , NIMHANS, Bengaluru, Karnataka 560029, India"
218,"  1st Block, 5th Block, Rajaji Nagar, Bengaluru, Karnataka 560010, India"
219,"  103, Varthur Road, Munnekolala, Bengaluru, Karnataka 560037, India"
220,"  Kundalahalli Colony, Brookefield, Bengaluru, Karnataka 560037, India"
221,"  Koramangala 4th Block, Koramangala, Bengaluru, Karnataka, India"
222,"  100 Feet Rd, Bengaluru, Karnataka, India"
223,"  Cooke Town, Bengaluru, Karnataka, India"
224,"  Hoodi, Bengaluru, Karnataka, India"
225,"  Maruti Nagar, 1st Stage, BTM Layout, Bengaluru, Karnataka, India"
226,"  Bhuvaneshwari Nagar, T. Dasarahalli, Bengaluru, Karnataka, India"
227,"  Bhadrappa Layout, Koti Hosahalli, Bengaluru, Karnataka, India"
228,"  Iblur Park, Outer Ring Rd, Bellandur, Green Glen Layout, Bellandur, Bengaluru, Karnataka 560103, India"
229,"  2nd Cross Rd, Bengaluru, Karnataka, India"
230,"  Defence Colony, Indiranagar, Bengaluru, Karnataka 560038, India"
231,"  High Grounds, Sampangi Rama Nagar, Bengaluru, Karnataka 560001, India"
232,"  2nd floor, 8th F Main Rd, Jayanagar East, Jaya Nagar 1st Block, Jayanagar, Bengaluru, Karnataka 560082, India"
233,"  Gandhi Nagar Kadugondanahali Rd, Gandhi Nagar, Kadugondanahalli, Bengaluru, Karnataka 560045, India"
234,"  Cubbon Park, Behind High Court of Karnataka, Ambedkar Veedhi, Sampangi Rama Nagar, Bengaluru, Karnataka 560001, India"
235,"  Agrahara, Bengaluru, Karnataka 560064, India"
236,"  Jalahalli East, Bengaluru, Karnataka, India"
237,"  Nettakallappa Cir, Basavanagudi, Bengaluru, Karnataka 560004, India"
238,"  Church Rd, Bengaluru, Karnataka, India"
239,"  Jal Vayu Vihar, Kacharakanahalli, Bengaluru, Karnataka 560043, India"
240,"  ISRO Layout, Bengaluru, Karnataka 560078, India"
241,"  Balekundri Circle, Vasanth Nagar, Bengaluru, Karnataka 560052"
242,"  Kumaraswamy Layout, Bengaluru, Karnataka 560078, India"
243,"  Brookefield, Bengaluru, Karnataka, India"
244,"  Golf Course Rd, Abshot Layout, Sheshadripuram, Bengaluru, Karnataka 560051, India"
245,"  Balaji Layout, Cooke Town, Bengaluru, Karnataka 560005, India"
246,"  Cambridge Layout, Jogupalya, Bengaluru, Karnataka, India"
247,"  49, 2nd Floor, Khanija Bhavan, Race Course Road, Bengaluru, Karnataka 560001, India"
248,"  Total Mall (Jumbo Mall) Madivala Commercial plaza,, Junction of Hosur road & Sarjapur road,, Banglore, Jumbo Mall Bangalore, Bengaluru, Karnataka 560068, India"
249,"  Mahadevapura, Bengaluru, Karnataka, India"
250,"  Rd Number 7, KIADB Export Promotion Industrial Area, Whitefield, Bengaluru, Karnataka 560066, India"
251,"  Outer Ring Rd, Bengaluru, Karnataka, India"
252,"  MG Road, Bengaluru, Karnataka, India"
253,"  Margosa Ave, Green Glen Layout, Bellandur, Bengaluru, Karnataka 560103, India"
254,"  Hosur Road, Bengaluru, Karnataka 560029, India"
255,"  Bannerughatta, Bengaluru, Karnataka, India"
256,"  Basavanagudi, Bengaluru, Karnataka, India"
257,"  Cunningham Rd, Vasanth Nagar, Bengaluru, Karnataka 560051, India"
258,"  Kaggadasapura Main Rd, Abbaiah Reddy Layout, Doddanekundi, Doddanekkundi, Bengaluru, Karnataka 560037, India"
259,"  Munnekolala Lake Trail, Spice Garden Layout, Lakshminarayana Pura, Chennappa Layout, Marathahalli, Bengaluru, Karnataka 560037, India"
260,"  Nelamangala, Karnataka, India"
261,"  SY NO 127/128, HEBBAL, Bengaluru, Karnataka 560024, India"
262,"  12th Main Rd, Bengaluru, Karnataka, India"
263,"  18, K.V. Lane, Cottonpet Cross, Bengaluru, Karnataka 560053, India"
264,"  Madhava Nagar, Gandhi Nagar, Bengaluru, Karnataka 560001, India"
265,"  Amblipura, Eastwood Twp, HSR Layout, Bengaluru, Karnataka, India"
266,"  Jyoti Nivas College Rd, Koramangala, Bengaluru, Karnataka, India"
267,"  Nagavara, Bengaluru, Karnataka, India"
268,"  Arekere, Bengaluru, Karnataka, India"
269,"  1st Floor, Bangalore Central, Sarjapur Road, Bellandur, Bengaluru, Karnataka 560103, India"
270,"  No 22, Sarakki Industrial Layout, Bannerghatta Main Road 3rd Phase, JP Nagar, Next to Jaideva Hospital Fly Over, Bengaluru, Karnataka 560078, India"
271,"  Jakkur, Bengaluru, Karnataka, India"
272,"  17th B H Main Rd, 5th Block, Koramangala, Bengaluru, Karnataka 560095, India"
273,"  Minerva Cir Rd, Ilyas Nagar, Kumaraswamy Layout, Bengaluru, Karnataka 560078, India"
274,"  Intermediate Ring Rd, Bengaluru, Karnataka, India"
275,"  6th Block, Koramangala, Bengaluru, Karnataka, India"
276,"  Bannerghatta Main Rd, Bengaluru, Karnataka, India"
277,"  Bangalore-Shimoga Rd, Hirisave, Karnataka 573124, India"
278,"  MCHS Colony, Stage 2, BTM Layout, Bengaluru, Karnataka, India"
279,"  Near SukhSagar Shopping Mall, 4, 3rd Cross Rd,, Gandhi Nagar, Bengaluru, Karnataka 560009, India"
280,"  Nanjapura, Karnataka 560105, India"
281,"  Armane Nagar, Bengaluru, Karnataka, India"
282,"  Bagaluru, Karnataka 562149, India"
283,"  Old Airport Rd, HAL Airport Area, HAL, Bengaluru, Karnataka 560017, India"
284,"  KR Market, Huriopet, Chickpet, Bengaluru, Karnataka 560053, India"
285,"  Yeshwanthpur Main Rd, Irabanahalli, Karnataka 563130, India"
286,"  MCHS Colony, Sector 6, HSR Layout, Bengaluru, Karnataka 560102, India"
287,"  171, 2nd Cross Rd, Stage 2, Domlur, Bengaluru, Karnataka 560008, India"
288,"  Huskur Rd, Bengaluru, Karnataka 560100, India"
289,"  Kengeri, Bengaluru, Karnataka 560060, India"
290,"  Electronic City, Bengaluru, Karnataka, India"
291,"  Cauvery Colony, Ejipura, Bengaluru, Karnataka, India"
292,"  Manayata Tech Park, Nagavara, Bengaluru, Karnataka, India"
293,"  2275, Tumkur Main Rd, Bhadrappa Layout, Yeshwanthpur Industrial Area, Phase -1, Peenya, Bengaluru, Karnataka 560022, India"
294,"  Guttahalli, Bengaluru, Karnataka, India"
295,"  JP Nagar Phase 6, JP Nagar, Bengaluru, Karnataka, India"
296,"  Tasker Town,Shivaji Nagar,Bangalore Urban, Bengaluru, Karnataka 560001, India"
297,"  Cambridge Rd, Bengaluru, Karnataka, India"
298,"  KHB Colony, Basaveshwar Nagar, Bengaluru, Karnataka 560079, India"
299,"  BTM Layout 1, Bengaluru, Karnataka, India"
300,"  HAL 2nd Stage, Indiranagar, Bengaluru, Karnataka, India"
301,"  Oil Mill Rd, Bengaluru, Karnataka 560084, India"
302,"  63 Venkatashwera Colony, New Thipasandra, Bengaluru, Karnataka 560075, India"
303,"  New BEL Rd, Bengaluru, Karnataka, India"
304,"  Hoodi Lake, KIADB Export Promotion Industrial Area, Bengaluru, Karnataka"
305,"  Indiranagar Double Rd, Bengaluru, Karnataka, India"
306,"  No 18, Ground Floor, Ramana Sri Arcade, M.G. Road, Ulsoor, Bengaluru, Karnataka 560001, India"
307,"  Doddathoguru, Karnataka 560100, India"
308,"  Kalyan Nagar, Bengaluru, Karnataka 560043, India"
309,"  Kempegowda International Airport (BLR), KIAL Rd, Devanahalli, Bengaluru, Karnataka 560300, India"
310,"  Mico Layout, Stage 2, BTM Layout, Bengaluru, Karnataka 560076, India"
311,"  KH Road, Bengaluru, Karnataka 560027, India"
312,"  Gandhi Bazaar, Basavanagudi, Bengaluru, Karnataka 560004, India"
313,"  Gauribidanur - Gudibanda Rd, Karnataka, India"
314,"  Meenakunte Hosur, Bengaluru, Karnataka 562157, India"
315,"  Doddathogur Panchayat office Rd, Electronics City Phase 1, Electronic, Doddathoguru, Karnataka 560100, India"
316,"  Nagenahalli, Bengaluru, Karnataka 560064, India"
317,"  Hosur Main Road, Dairy Colony, Adugodi, Bengaluru, Karnataka 560029, India"
318,"  Chikkalasandra, Bengaluru, Karnataka, India"
319,"  Chikkamaranahalli, Sanjeeappa Colony, M S R Nagar, R.M.V. 2nd Stage, Bengaluru, Karnataka, India"
320,"  Cubbonpet Main Rd, Nagarathpete, Bengaluru, Karnataka, India"
321,"  HRBR Layout, Kalyan Nagar, Bengaluru, Karnataka 560043, India"
322,"  Doddaballapur Rd, Bengaluru, Karnataka 560064, India"
323,"  BTM Layout, Bengaluru, Karnataka, India"
324,"  Marathahalli - Sarjapur Outer Ring Rd, Bengaluru, Karnataka, India"
325,"  Lavelle Road, Bengaluru, Karnataka 560001, India"
326,"  Castle St, Bengaluru, Karnataka, India"
327,"  Safina Plaza, Main Guard Cross Rd, Tasker Town, Shivaji Nagar, Bengaluru, Karnataka 560001, India"
328,"  Vidya Nagar Cross Road Behind Aviation College, Chikkajala, Bengaluru, Karnataka 562157, India"
329,"  Ulsoor Lake, Ulsoor, Bengaluru, Karnataka 560042"
330,"  1st Stage, BTM Layout 1, Bengaluru, Karnataka, India"
331,"  CHCS Layout, Hombegowda Nagar, Bengaluru, Karnataka, India"
332,"  Kengeri Satellite Town, Bengaluru, Karnataka, India"
333,"  AECS Layout, Marathahalli, Bengaluru, Karnataka 560037, India"
334,"  Kaveri Layout, Suddagunte Palya, Bengaluru, Karnataka 560029, India"
335,"  Mysore Rd, ITI Layout, Phase 3, Nayanda Halli, Bengaluru, Karnataka 560056, India"
336,"  Banashankari Stage II, Banashankari, Bengaluru, Karnataka 560070, India"
337,"  Green Garden Layout, Silver Springs Layout, Munnekollal, Bengaluru, Karnataka 560066, India"
338,"  Mysore Rd, Srinagar, Bapuji Nagar, Bengaluru, Karnataka 560026, India"
339,"  Chikpete Rd, Mamulpet, Chickpet, Bengaluru, Karnataka 560053, India"
340,"  Lalbagh Fort Rd, Bengaluru, Karnataka, India"
341,"  Konappana Agrahara, Electronic City, Bengaluru, Karnataka, India"
342,"  Malvalli Tank Bund Rd, Kalasipalya, Bengaluru, Karnataka 560002, India"
343,"  HBR Layout, Bengaluru, Karnataka, India"
344,"  M.G. Railway Colony, Sevashrama, Bengaluru, Karnataka 560023, India"
345,"  Bannerghatta Road, District Bengaluru Urban, Bannerghatta, Karnataka 560083, India"
346,"  Ashok Nagar, Bengaluru, Karnataka, India"
347,"  Bellandur, Bengaluru, Karnataka, India"
348,"  Brigade Rd, Bengaluru, Karnataka, India"
349,"  Church St, Shanthala Nagar, Ashok Nagar, Bengaluru, Karnataka 560001, India"
350,"  Dr Rajkumar Rd, Bengaluru, Karnataka, India"
351,"  Swiss Town, Devanahalli Road, Hollywood Junction, Sadahalli Post, Bengaluru, Karnataka 562110, India"
352,"  HAL 3rd Stage, Puttappa layout, New Tippasandra, Bengaluru, Karnataka, India"
353,"  Bommanahalli, Bengaluru, Karnataka, India"
354,"  Hosahalli Main Rd, Bengaluru, Karnataka, India"
355,"  No.1, Golf Avenue, Kodihalli, Off. Airport Road, P.B.No. 817, Bengaluru, Karnataka 560008, India"
356,"  Devanahalli, Southegowdanahalli, Karnataka 562110, India"
357,"  Near, Field Marshal Cariappa Rd, Ashok Nagar, Bengaluru, Karnataka 560001, India"
358,"  Bengaluru, Karnataka, India"
359,"  Bidadi, Karnataka 562109, India"
360,"  20th Main Rd, 8th Block, KHB Games Village, Koramangala, Bengaluru, Karnataka 560078, India"
361,"  9, Jakkur Road, Jakkur, Bengaluru, Karnataka 560064, India"
362,"  Kempegowda, Majestic, Bengaluru, Karnataka, India"
363,"  48, SC Road, Gandhi Nagar, Bengaluru, Karnataka 560031, India"
364,"  Sy No.90/4, Munnekollalu Village, Marathalli Outer Ring Road, Bengaluru, Karnataka 560037, India"
365,"  East of NGEF Layout, Dooravani Nagar, Bengaluru, Karnataka, India"
366,"  Koramangala 2nd Block, Koramangala, Bengaluru, Karnataka 560034, India"
367,"  Dr MC Modi Hospital Rd, Bengaluru, Karnataka, India"
368,"  Freedom Park, Seshadri Road, Gandhi Nagar, Bengaluru, Karnataka 560009, India"
369,"  10, Bachammal Rd, Pulikeshi Nagar, Bengaluru, Karnataka 560005, India"
370,"  Kempegowda, Sevashrama, Bengaluru, Karnataka 560025, India"
371,"  Averahalli, Karnataka 562162, India"
372,"  Embassy Golf Links Business Park, Challaghatta, Bengaluru, Karnataka, India"
373,"  Bhattarahalli, Hosabasavanapura, Krishnarajapura, Bengaluru, Karnataka 560049, India"
374,"  ITPB Cricket Ground, International Tech Park, ITPL Main Rd, Bengaluru, Karnataka 560066, India"
375,"  1st Block Koramangala, HSR Layout 5th Sector, Bengaluru, Karnataka, India"
376,"  25, Windsor Square, Golf Course Road, Bengaluru, Karnataka 560052, India"
377,"  186, 4th Main, Venkataranga Iyengar Road, Near-Golf Link Appartments, Seshadripuram, Bengaluru, Karnataka 560020, India"
378,"  KK St, Someshwarpura, Ulsoor, Bengaluru, Karnataka, India"
379,"  Chinmaya Mission Hospital Rd, Binnamangala, Stage 1, Indiranagar, Bengaluru, Karnataka 560038, India"
380,"  # 30, East Land Chambers, Laskar Hosur Road, Koramangala, Chikku Lakshmaiah Layout, Adugodi, Bengaluru, Karnataka 560030, India"
381,"  7th Main Rd, Indira Nagar, 2nd Stage, Bengaluru, Karnataka 560008, India"
382,"  Double Rd, Bengaluru, Karnataka 560027, India"
383,"  Electronic City Phase II, Electronic City, Bengaluru, Karnataka, India"
384,"  2nd Main Rd, East of NGEF Layout, Bennigana Halli, Bengaluru, Karnataka 560043, India"
385,"  H A L Old Airport Rd, Reddypalya, Jyothi Nagar, Bengaluru, Karnataka 560017, India"
386,"  K B Sandra, Venkatala Village, Chowdeshwari Layout, Yelahanka, Bengaluru, Karnataka 560064, India"
387,"  C V Raman Nagar, Bengaluru, Karnataka, India"
388,"  Gokula Extension, Mathikere, Bengaluru, Karnataka, India"
389,"  Bangalore - Mangalore Rd, Thanniruhalla, Hassan, Karnataka 573201, India"
390,"  Hosur Road, Madivala, Bengaluru, Karnataka 560001, India"
391,"  Narayanappa Garden, Whitefield, Bengaluru, Karnataka 560066, India"
392,"  Hennur Main Road, Bengaluru, Karnataka, India"
393,"  Gokula Post, Mathikere, Bengaluru, Karnataka 560054, India"
394,"  Devasandra Layout, Bengaluru, Karnataka, India"
395,"  Mahadevapura, Whitefield, Bengaluru, Karnataka 560048, India"
396,"  Basaveshwar Nagar, Bengaluru, Karnataka 560079, India"
397,"  Jayanagar, Bengaluru, Karnataka, India"
398,"  Cottonpet Main Rd, Subhash Nagar, Cottonpete, Bengaluru, Karnataka 560053, India"
399,"  Ayyappa Temple Rd, Bengaluru, Karnataka 560092, India"
400,"  Geleyara Balaga Layout, Jalahalli West, Bengaluru, Karnataka 560090, India"
401,"  Anekal, Karnataka, India"
402,"  15, Dharmaraya Swamy Temple Rd, Dodpete, Nagarathpete, Bengaluru, Karnataka 560002, India"
403,"  Maruthi Sevanagar, Bengaluru, Karnataka, India"
404,"  Geetha Colony, 4th T Block East, Jayanagar, Bengaluru, Karnataka, India"
405,"  Sahakar Nagar, Byatarayanapura, Bengaluru, Karnataka 560092, India"
406,"  Bommasandra, Karnataka, India"
407,"  Jakkuru, Bengaluru, Karnataka 560064, India"
408,"  21st Km, Kanakpura Rd. Bangalore South, Bengaluru, Karnataka 560082, India"
409,"  Kensington Gardens, Kalhalli, Ulsoor, Bengaluru, Karnataka 560042, India"
410,"  No. 7, Achaiah Shetty Layout, Near Mekhri Circle, Hebbal Road, Bengaluru, Karnataka 560080, India"
411,"  Ashwath Nagar, Armane Nagar, Bengaluru, Karnataka, India"
412,"  Andapura, Karnataka, India"
413,"  Lakkasandra, Laljinagar, Wilson Garden, Bengaluru, Karnataka, India"
414,"  Millers Rd, Vasanth Nagar, Bengaluru, Karnataka, India"
415,"  Ashoka Pillar Rd, 2nd Block, Jaya Nagar East, Jayanagar, Bengaluru, Karnataka 560011, India"
416,"  Bannerghatta-Marigowda Turn Rd, Dairy Colony, Adugodi, Bengaluru, Karnataka 560029, India"
417,"  RMZ Ecospace Internal Rd, Adarsh Palm Retreat, Bellandur, Bengaluru, Karnataka 560103, India"
418,"  Kumara Park East, Sheshadripuram, Bengaluru, Karnataka, India"
419,"  114/2, Lalbagh Fort Road, Minerva Circle, Bengaluru, Karnataka 560004, India"
420,"  HBR Layout 4th Block, HBR Layout, Bengaluru, Karnataka 560043, India"
421,"  Madivala Road, Santhosapuram, Koramangala, Bengaluru, Karnataka, India"
422,"  Basaveshwaranagar, Saneguruvanahalli, Basaveshwar Nagar, Bengaluru, Karnataka 560079, India"
423,"  Chamrajpet, Bengaluru, Karnataka, India"
424,"  Kumara Park West, Sheshadripuram, Bengaluru, Karnataka, India"
425,"  Chandapura, Bommasandra, Karnataka 562107, India"
426,"  Bangalore Rd, Hindupur, Andhra Pradesh 515201, India"
427,"  KV Temple Street Cross, Chickpet, Bengaluru, Karnataka 560053, India"
428,"  Allalasandra, Yelahanka, Bengaluru, Karnataka 560065, India"
429,"  Lalbagh Botanical Garden, Mavalli, Bengaluru, Karnataka 560004, India"
430,"  #191,27th Main Rd,near CPWD Quarters, Sector 2, HSR Layout, Bengaluru, Karnataka 560102, India"
431,"  Ferns City Road, Ferns City, Doddanekkundi, Bengaluru, Karnataka 560048, India"
432,"  No. 5, Sarjapur Road, Next To Kudremukh Building, 1st Block, Koramangala, Bengaluru, Karnataka 560034, India"
433,"  Doddagubbi, Anagalapura, Bengaluru, Karnataka, India"
434,"  Whitefield Road, Vishueswaraya Industrial Area, Bengaluru, Karnataka 560048, India"
435,"  Adarsh Palm Retreat, Bellandur, Bengaluru, Karnataka, India"
436,"  154/9, Bannerghatta Road, Opposite IIM-B, Bengaluru, Karnataka 560076, India"
437,"  80 Feet Rd, Bengaluru, Karnataka, India"
438,"  Bannerghatta Road, Bengaluru, Karnataka 560076, India"
439,"  30th Main Rd, 7 Block, CG Chinnappa Naidu Layout, Banashankari 3rd Stage, Banashankari, Bengaluru, Karnataka 560070, India"
440,"  14/7, MG Road, FM Cariappa Colony, Sampangi Rama Nagar, Bengaluru, Karnataka 560001, India"
441,"  Arekempanahalli, Mavalli, Bengaluru, Karnataka, India"
442,"  57, Opp To SSLC Board, 6th Cross Road, Sampige Road, Malleswaram, Bengaluru, Karnataka 560003, India"
443,"  Sector 4, HSR Layout Ring Road, Bangalore Urban, Bengaluru, Karnataka 560034, India"
444,"  Old Race Course Rd, Bengaluru, Karnataka 560047, India"
445,"  Jayachamaraja Wodeyar Rd, Bengaluru, Karnataka, India"
446,"  Hennur Gardens, Bengaluru, Karnataka, India"
447,"  Madavara, Karnataka, India"
448,"  Hosur, Tamil Nadu, India"
449,"  Adugodi, Bengaluru, Karnataka, India"
450,"  Satellite Bus Stand, Bapuji Nagar,, Mysore Road, Bengaluru, Karnataka 560098, India"
451,"  Commercial Street, Tasker Town, Shivaji Nagar, Bengaluru, Karnataka 560001, India"
452,"  No. 21, Hosur Road, Koramangala, Bengaluru, Karnataka 560095, India"
453,"  7th Block, Jayanagar, Bengaluru, Karnataka 560070, India"
454,"  27th Main Rd, Bengaluru, Karnataka 560102, India"
455,"  Anand Rao Junction, Gandhi Nagar, Bengaluru, Karnataka 560001"
456,"  Lady Curzon Rd, Shivaji Nagar, Bengaluru, Karnataka 560001, India"
457,"  Chord Rd, Bengaluru, Karnataka, India"
458,"  Koramangala 8th Block, Koramangala, Bengaluru, Karnataka, India"
459,"  Museum Rd, Shanthala Nagar, Ashok Nagar, Bengaluru, Karnataka, India"
460,"  Anandnagar, Hebbal, Bengaluru, Karnataka 560024, India"
461,"  HSR Layout, Bengaluru, Karnataka, India"
462,"  Ambalipura, Harlur, Bengaluru, Karnataka 560103, India"
463,"  24, Vittal Mallya Road, Bengaluru, Karnataka 560001, India"
464,"  Murugesh Pallya, Nanja Reddy Colony, Jeevan Bima Nagar, Bengaluru, Karnataka, India"
465,"  Konena Agrahara, Murgesh Pallya, Bengaluru, Karnataka 560017, India"
466,"  Magrath Rd, Bengaluru, Karnataka 560025, India"
467,"  Begur - Koppa Rd, Bengaluru, Karnataka, India"
468,"  Central St, Shivaji Nagar, Bengaluru, Karnataka 560001, India"
469,"  Ulsoor, Bengaluru, Karnataka, India"
470,"  Ashta Laxmi Layout, JP Nagar Phase 6, JP Nagar, Bengaluru, Karnataka 560078, India"
471,"  Jayamahal Extension, Jayamahal, Bengaluru, Karnataka 560046, India"
472,"  Cox Town, Bengaluru, Karnataka, India"
473,"  Gandhi Bazaar Main Rd, Gandhi Bazaar, Basavanagudi, Bengaluru, Karnataka 560004, India"
474,"  Banashankari 3rd Stage, Banashankari, Bengaluru, Karnataka, India"
475,"  Kundalahalli Main Rd, Bengaluru, Karnataka, India"
476,"  Airport Road Flyover, Bengaluru, Karnataka 560064, India"
477,"  Abshot Layout, Vasanth Nagar, Bengaluru, Karnataka, India"
478,"  Madiwala, 1st Stage, BTM Layout, Bengaluru, Karnataka, India"
479,"  Harohalli, Karnataka 562112, India"
480,"  Service Rd, DadaMastan Layout, Manayata Tech Park, Nagavara, Bengaluru, Karnataka 560045, India"
481,"  Chikkajala, Bengaluru, Karnataka 562157, India"
482,"  100 Feet Rd, Koramangala, Bengaluru, Karnataka, India"
483,"  5th Block, Jayanagar, Bengaluru, Karnataka 560041, India"
484,"  Marathahalli, Bengaluru, Karnataka, India"
485,"  Orion Mall, Muncipal N0-10/34, Banaswadi Main Road, Banaswadi Layout, Bangalore, Karnataka 560033, India"
486,"  Marathahalli-Sarjapur Outer Ring Rd, Bellandur, Bengaluru, Karnataka 560103, India"
487,"  Brunton Rd, Bengaluru, Karnataka, India"
488,"  Lakshminarayana Pura, AECS Layout, Marathahalli, Bengaluru, Karnataka 560037, India"
489,"  Service Rd, MS Ramaiah North City, Manayata Tech Park, Nagavara, Bengaluru, Karnataka 560045, India"
490,"  No. 81, 1st Floor, Krishnasagar Hotel Premises, Bangalore Mysore Highway, Kumbalagodu, Bengaluru, Karnataka 560074, India"
491,"  White Field, JB Nagar, JB NAGAR BUS STAND, BANGALORE, Bangalore, Bangalore Urban, Karnataka 560075, India"
492,"  Chennekothapalli Rd, Attibele, Karnataka 562107, India"
493,"  Hare Krishna Rd, Bengaluru, Karnataka, India"
494,"  Suranjandas Road, Vimanapura Post, Bengaluru, Karnataka 560017, India"
495,"  5th Block, Koramangala, Bengaluru, Karnataka, India"
496,"  Hesaraghatta Lake, Bengaluru, Karnataka 560089"
497,"  Off Infantry Road, Central St, Tasker Town, Shivaji Nagar, Bengaluru, Karnataka 560001, India"
498,"  Hessarghatta, P.O.Box 8802, Bengaluru, Karnataka 560088, India"
499,"  Begur Main Rd, Bengaluru, Karnataka, India"
500,"  Hebbal, Bengaluru, Karnataka, India"
501,"  2nd Phase, JP Nagar, Bengaluru, Karnataka, India"
